id,event_type,course_id,group_id,lecture_id,user_id,from_time,to_time,in_quiz,speed,volume,fullscreen,created_at,updated_at
31266273,2,4363,17002,53828,67697,11.441549,,true,1.0,0.8,false,2020-01-07 12:46:19,2020-01-07 12:46:19
31259405,2,4363,17002,53828,67644,43.064042,,true,1.0,1.0,false,2020-01-06 16:59:23,2020-01-06 16:59:23
31259350,2,4363,17002,53828,67644,39.570601,,true,1.0,1.0,false,2020-01-06 16:58:32,2020-01-06 16:58:32
31259324,2,4363,17002,53828,67644,36.026144,,true,1.0,1.0,false,2020-01-06 16:58:14,2020-01-06 16:58:14
31259272,2,4363,17002,53828,67644,35.938738,,true,1.0,1.0,false,2020-01-06 16:57:26,2020-01-06 16:57:26
31259268,2,4363,17002,53828,67644,34.902201,,false,1.0,1.0,false,2020-01-06 16:57:24,2020-01-06 16:57:24
31259240,2,4363,17002,53828,67644,33.105846,,true,1.0,1.0,false,2020-01-06 16:56:48,2020-01-06 16:56:48
31259220,2,4363,17002,53828,67644,30.181129,,true,1.0,1.0,false,2020-01-06 16:55:58,2020-01-06 16:55:58
31259197,2,4363,17002,53828,67644,27.184214,,true,1.0,1.0,false,2020-01-06 16:55:14,2020-01-06 16:55:14
31259193,2,4363,17002,53828,67644,24.631696,,true,1.0,1.0,false,2020-01-06 16:54:59,2020-01-06 16:54:59
31259169,2,4363,17002,53828,67644,21.635002,,true,1.0,1.0,false,2020-01-06 16:53:59,2020-01-06 16:53:59
31259151,2,4363,17002,53828,67644,18.384179,,true,1.0,1.0,false,2020-01-06 16:52:51,2020-01-06 16:52:51
31259149,2,4363,17002,53828,67644,18.10822,,false,1.0,1.0,false,2020-01-06 16:52:50,2020-01-06 16:52:50
31259144,2,4363,17002,53828,67644,15.533231,,true,1.0,1.0,false,2020-01-06 16:52:37,2020-01-06 16:52:37
31259131,2,4363,17002,53828,67644,11.523229,,true,1.0,1.0,false,2020-01-06 16:52:06,2020-01-06 16:52:06
31256948,2,4363,17002,53828,67638,1.735072002,,false,1.0,0.0,false,2020-01-06 15:15:00,2020-01-06 15:15:00
31256946,2,4363,17002,53828,67638,96.8,,false,1.0,0.0,false,2020-01-06 15:14:52,2020-01-06 15:14:52
31256790,2,4363,17002,53828,67638,94.841638314,,true,1.0,0.0,false,2020-01-06 15:07:57,2020-01-06 15:07:57
31256615,2,4363,17002,53828,67642,96.8,,false,1.0,0.8,false,2020-01-06 15:03:37,2020-01-06 15:03:37
31256610,2,4363,17002,53828,67642,94.837218269,,true,1.0,0.8,false,2020-01-06 15:03:08,2020-01-06 15:03:08
31256599,2,4363,17002,53828,67642,92.07742447,,true,1.0,0.8,false,2020-01-06 15:02:01,2020-01-06 15:02:01
31256586,2,4363,17002,53828,67642,88.800620023,,true,1.0,0.8,false,2020-01-06 15:00:46,2020-01-06 15:00:46
31256580,2,4363,17002,53828,67642,86.054253544,,true,1.0,0.8,false,2020-01-06 15:00:03,2020-01-06 15:00:03
31256574,2,4363,17002,53828,67642,83.358724044,,true,1.0,0.8,false,2020-01-06 14:59:53,2020-01-06 14:59:53
31256568,2,4363,17002,53828,67642,80.03427676,,true,1.0,0.8,false,2020-01-06 14:59:09,2020-01-06 14:59:09
31256558,2,4363,17002,53828,67642,76.975454066,,true,1.0,0.8,false,2020-01-06 14:58:39,2020-01-06 14:58:39
31256550,2,4363,17002,53828,67642,74.022305531,,true,1.0,0.8,false,2020-01-06 14:58:23,2020-01-06 14:58:23
31256522,2,4363,17002,53828,67642,71.23674572,,true,1.0,0.8,false,2020-01-06 14:57:19,2020-01-06 14:57:19
31256505,2,4363,17002,53828,67642,68.45333958,,true,1.0,0.8,false,2020-01-06 14:56:49,2020-01-06 14:56:49
31256460,2,4363,17002,53828,67642,65.665542984,,true,1.0,0.8,false,2020-01-06 14:54:46,2020-01-06 14:54:46
31256452,2,4363,17002,53828,67642,62.881833309,,true,1.0,0.8,false,2020-01-06 14:54:09,2020-01-06 14:54:09
31256447,2,4363,17002,53828,67642,60.09529952,,true,1.0,0.8,false,2020-01-06 14:53:44,2020-01-06 14:53:44
31256432,2,4363,17002,53828,67642,56.591948473,,true,1.0,0.8,false,2020-01-06 14:53:04,2020-01-06 14:53:04
31256414,2,4363,17002,53828,67642,54.058898082,,true,1.0,0.8,false,2020-01-06 14:52:04,2020-01-06 14:52:04
31256398,2,4363,17002,53828,67642,51.274106462,,true,1.0,0.8,false,2020-01-06 14:51:13,2020-01-06 14:51:13
31256385,2,4363,17002,53828,67642,48.462856572,,true,1.0,0.8,false,2020-01-06 14:50:20,2020-01-06 14:50:20
31256383,2,4363,17002,53828,67642,45.788276846,,true,1.0,0.8,false,2020-01-06 14:50:10,2020-01-06 14:50:10
31256366,2,4363,17002,53828,67642,43.016476964,,true,1.0,0.8,false,2020-01-06 14:49:20,2020-01-06 14:49:20
31256340,2,4363,17002,53828,67642,39.484576,,true,1.0,0.8,false,2020-01-06 14:48:30,2020-01-06 14:48:30
31256323,2,4363,17002,53828,67642,35.923925426,,true,1.0,0.8,false,2020-01-06 14:47:49,2020-01-06 14:47:49
31256321,2,4363,17002,53828,67642,33.194003327,,true,1.0,0.8,false,2020-01-06 14:47:42,2020-01-06 14:47:42
31256319,2,4363,17002,53828,67642,32.783543315,,false,1.0,0.8,false,2020-01-06 14:47:41,2020-01-06 14:47:41
31256317,2,4363,17002,53828,67642,33.17122,,true,1.0,0.8,false,2020-01-06 14:47:29,2020-01-06 14:47:29
31256311,2,4363,17002,53828,67642,33.17122,,true,1.0,0.8,false,2020-01-06 14:47:19,2020-01-06 14:47:19
31256284,2,4363,17002,53828,67642,30.148871868,,true,1.0,0.8,false,2020-01-06 14:46:16,2020-01-06 14:46:16
31256272,2,4363,17002,53828,67642,27.106155422,,true,1.0,0.8,false,2020-01-06 14:45:45,2020-01-06 14:45:45
31256268,2,4363,17002,53828,67642,24.668810863,,true,1.0,0.8,false,2020-01-06 14:45:26,2020-01-06 14:45:26
31256258,2,4363,17002,53828,67642,21.611429297,,true,1.0,0.8,false,2020-01-06 14:44:44,2020-01-06 14:44:44
31256251,2,4363,17002,53828,67642,18.194865929,,true,1.0,0.8,false,2020-01-06 14:44:32,2020-01-06 14:44:32
31256241,2,4363,17002,53828,67642,15.455588556,,true,1.0,0.8,false,2020-01-06 14:43:43,2020-01-06 14:43:43
31256233,2,4363,17002,53828,67642,11.435922183,,true,1.0,0.8,false,2020-01-06 14:43:12,2020-01-06 14:43:12
31255715,2,4363,17002,53828,67638,92.04474653,,true,1.0,0.0,false,2020-01-06 14:17:51,2020-01-06 14:17:51
31255707,2,4363,17002,53828,67638,88.851641302,,true,1.0,0.0,false,2020-01-06 14:17:26,2020-01-06 14:17:26
31255690,2,4363,17002,53828,67638,86.223966161,,true,1.0,0.0,false,2020-01-06 14:16:54,2020-01-06 14:16:54
31255672,2,4363,17002,53828,67638,83.359448381,,true,1.0,0.0,false,2020-01-06 14:16:38,2020-01-06 14:16:38
31255666,2,4363,17002,53828,67627,96.9,,false,1.0,0.8,false,2020-01-06 14:16:18,2020-01-06 14:16:18
31255648,2,4363,17002,53828,67635,96.8,,false,1.0,0.8,false,2020-01-06 14:14:56,2020-01-06 14:14:56
31255646,2,4363,17002,53828,67638,80.110988906,,true,1.0,0.0,false,2020-01-06 14:14:47,2020-01-06 14:14:47
31255637,2,4363,17002,53828,67627,94.757294,,true,1.0,0.8,false,2020-01-06 14:14:18,2020-01-06 14:14:18
31255550,2,4363,17002,53828,67635,94.770509,,true,1.0,0.8,false,2020-01-06 14:13:05,2020-01-06 14:13:05
31255533,2,4363,17002,53828,67638,76.823556331,,true,1.0,0.0,false,2020-01-06 14:12:51,2020-01-06 14:12:51
31255496,2,4363,17002,53828,67635,91.976079,,true,1.0,0.8,false,2020-01-06 14:11:55,2020-01-06 14:11:55
31255493,2,4363,17002,53828,67636,96.9,,false,1.0,0.0,false,2020-01-06 14:11:50,2020-01-06 14:11:50
31255492,2,4363,17002,53828,67638,73.995768688,,true,1.0,0.0,false,2020-01-06 14:11:49,2020-01-06 14:11:49
31255480,2,4363,17002,53828,67638,71.343955549,,true,1.0,0.0,false,2020-01-06 14:11:25,2020-01-06 14:11:25
31255466,2,4363,17002,53828,67627,92.117068,,true,1.0,0.8,false,2020-01-06 14:10:59,2020-01-06 14:10:59
31255455,2,4363,17002,53828,67634,96.9,,false,1.0,0.8,false,2020-01-06 14:10:32,2020-01-06 14:10:32
31255440,2,4363,17002,53828,67635,88.958303,,true,1.0,0.8,false,2020-01-06 14:10:15,2020-01-06 14:10:15
31255432,2,4363,17002,53828,67638,68.556144387,,true,1.0,0.0,false,2020-01-06 14:09:55,2020-01-06 14:09:55
31255419,2,4363,17002,53828,67638,67.14806589,,false,1.0,0.0,false,2020-01-06 14:09:33,2020-01-06 14:09:33
31255416,2,4363,17002,53828,67638,65.767248278,,true,1.0,0.0,false,2020-01-06 14:09:22,2020-01-06 14:09:22
31255415,2,4363,17002,53828,67627,88.896343,,true,1.0,0.8,false,2020-01-06 14:09:21,2020-01-06 14:09:21
31255400,2,4363,17002,53828,67635,86.137987,,true,1.0,0.8,false,2020-01-06 14:08:04,2020-01-06 14:08:04
31255398,2,4363,17002,53828,67621,96.8,,false,1.0,0.8,false,2020-01-06 14:07:59,2020-01-06 14:07:59
31255395,2,4363,17002,53828,67635,83.318162,,true,1.0,0.8,false,2020-01-06 14:07:37,2020-01-06 14:07:37
31255391,2,4363,17002,53828,67634,92.124033,,true,1.0,0.8,false,2020-01-06 14:07:13,2020-01-06 14:07:13
31255389,2,4363,17002,53828,67627,86.244507,,true,1.0,0.8,false,2020-01-06 14:07:04,2020-01-06 14:07:04
31255362,2,4363,17002,53828,67621,94.883079,,true,1.0,0.8,false,2020-01-06 14:06:24,2020-01-06 14:06:24
31255347,2,4363,17002,53828,67636,92.129363,,true,1.0,0.0,false,2020-01-06 14:06:00,2020-01-06 14:06:00
31255345,2,4363,17002,53828,67634,88.814578,,true,1.0,0.8,false,2020-01-06 14:05:59,2020-01-06 14:05:59
31255344,2,4363,17002,53828,67635,80.008085,,true,1.0,0.8,false,2020-01-06 14:05:58,2020-01-06 14:05:58
31255341,2,4363,17002,53828,67634,87.054964,,false,1.0,0.8,false,2020-01-06 14:05:56,2020-01-06 14:05:56
31255338,2,4363,17002,53828,67627,83.216336,,true,1.0,0.8,false,2020-01-06 14:05:50,2020-01-06 14:05:50
31255321,2,4363,17002,53828,67634,86.026403,,true,1.0,0.8,false,2020-01-06 14:05:08,2020-01-06 14:05:08
31255318,2,4363,17002,53828,67638,62.979361985,,true,1.0,0.0,false,2020-01-06 14:05:03,2020-01-06 14:05:03
31255302,2,4363,17002,53828,67634,83.19171,,true,1.0,0.8,false,2020-01-06 14:04:41,2020-01-06 14:04:41
31255301,2,4363,17002,53828,67627,80.169761,,true,1.0,0.8,false,2020-01-06 14:04:41,2020-01-06 14:04:41
31255286,2,4363,17002,53828,67635,76.956228,,true,1.0,0.8,false,2020-01-06 14:04:11,2020-01-06 14:04:11
31255266,2,4363,17002,53828,67636,88.959998,,true,1.0,0.0,false,2020-01-06 14:03:25,2020-01-06 14:03:25
31255258,2,4363,17002,53828,67627,76.995476,,true,1.0,0.8,false,2020-01-06 14:02:58,2020-01-06 14:02:58
31255250,2,4363,17002,53828,67634,80.18713,,true,1.0,0.8,false,2020-01-06 14:02:34,2020-01-06 14:02:34
31255245,2,4363,17002,53828,67638,60.203460424,,true,1.0,0.0,false,2020-01-06 14:02:17,2020-01-06 14:02:17
31255243,2,4363,17002,53828,67627,74.00695,,true,1.0,0.8,false,2020-01-06 14:02:13,2020-01-06 14:02:13
31255241,2,4363,17002,53828,67636,86.130656,,true,1.0,0.0,false,2020-01-06 14:02:09,2020-01-06 14:02:09
31255236,2,4363,17002,53828,67636,83.206666,,true,1.0,0.0,false,2020-01-06 14:01:58,2020-01-06 14:01:58
31255234,2,4363,17002,53828,67634,76.827992,,true,1.0,0.8,false,2020-01-06 14:01:57,2020-01-06 14:01:57
31255230,2,4363,17002,53828,67636,80.070086,,true,1.0,0.0,false,2020-01-06 14:01:55,2020-01-06 14:01:55
31255223,2,4363,17002,53828,67636,76.846619,,false,1.0,0.0,false,2020-01-06 14:01:42,2020-01-06 14:01:42
31255218,2,4363,17002,53828,67636,65.617446,,true,1.0,0.0,false,2020-01-06 14:01:40,2020-01-06 14:01:40
31255215,2,4363,17002,53828,67626,96.9,,false,1.0,0.8,false,2020-01-06 14:01:38,2020-01-06 14:01:38
31255210,2,4363,17002,53828,67626,94.759245,,true,1.0,0.8,false,2020-01-06 14:01:35,2020-01-06 14:01:35
31255207,2,4363,17002,53828,67626,92.031728,,true,1.0,0.8,false,2020-01-06 14:01:31,2020-01-06 14:01:31
31255205,2,4363,17002,53828,67636,83.206666,,true,1.0,0.0,false,2020-01-06 14:01:29,2020-01-06 14:01:29
31255201,2,4363,17002,53828,67626,88.848381,,true,1.0,0.8,false,2020-01-06 14:01:25,2020-01-06 14:01:25
31255199,2,4363,17002,53828,67636,80.070086,,true,1.0,0.0,false,2020-01-06 14:01:23,2020-01-06 14:01:23
31255193,2,4363,17002,53828,67635,73.915205,,true,1.0,0.8,false,2020-01-06 14:01:14,2020-01-06 14:01:14
31255185,2,4363,17002,53828,67626,83.206666,,true,1.0,0.8,false,2020-01-06 14:01:07,2020-01-06 14:01:07
31255184,2,4363,17002,53828,67636,76.846619,,true,1.0,0.0,false,2020-01-06 14:01:06,2020-01-06 14:01:06
31255176,2,4363,17002,53828,67626,80.070086,,true,1.0,0.8,false,2020-01-06 14:01:01,2020-01-06 14:01:01
31255172,2,4363,17002,53828,67626,76.846619,,true,1.0,0.8,false,2020-01-06 14:00:51,2020-01-06 14:00:51
31255168,2,4363,17002,53828,67627,71.366724,,true,1.0,0.8,false,2020-01-06 14:00:46,2020-01-06 14:00:46
31255165,2,4363,17002,53828,67626,73.981937,,true,1.0,0.8,false,2020-01-06 14:00:45,2020-01-06 14:00:45
31255160,2,4363,17002,53828,67626,71.279603,,true,1.0,0.8,false,2020-01-06 14:00:40,2020-01-06 14:00:40
31255157,2,4363,17002,53828,67634,74.085158,,true,1.0,0.8,false,2020-01-06 14:00:34,2020-01-06 14:00:34
31255155,2,4363,17002,53828,67636,83.309911,,true,1.0,0.0,false,2020-01-06 14:00:28,2020-01-06 14:00:28
31255152,2,4363,17002,53828,67626,68.549325,,true,1.0,0.8,false,2020-01-06 14:00:15,2020-01-06 14:00:15
31255148,2,4363,17002,53828,67626,65.617446,,true,1.0,0.8,false,2020-01-06 13:59:59,2020-01-06 13:59:59
31255143,2,4363,17002,53828,67638,56.62109336,,true,1.0,0.0,false,2020-01-06 13:59:55,2020-01-06 13:59:55
31255135,2,4363,17002,53828,67622,96.8,,false,1.0,0.8,false,2020-01-06 13:59:49,2020-01-06 13:59:49
31255128,2,4363,17002,53828,67634,71.289671,,true,1.0,0.8,false,2020-01-06 13:59:42,2020-01-06 13:59:42
31255123,2,4363,17002,53828,67638,53.9333862,,true,1.0,0.0,false,2020-01-06 13:59:16,2020-01-06 13:59:16
31255121,2,4363,17002,53828,67622,94.689542,,true,1.0,0.8,false,2020-01-06 13:59:06,2020-01-06 13:59:06
31255117,2,4363,17002,53828,67636,80.000796,,true,1.0,0.0,false,2020-01-06 13:59:00,2020-01-06 13:59:00
31255115,2,4363,17002,53828,67635,71.359821,,true,1.0,0.8,false,2020-01-06 13:58:52,2020-01-06 13:58:52
31255114,2,4363,17002,53828,67638,51.236008389,,true,1.0,0.0,false,2020-01-06 13:58:49,2020-01-06 13:58:49
31255110,2,4363,17002,53828,67638,48.543385922,,true,1.0,0.0,false,2020-01-06 13:58:38,2020-01-06 13:58:38
31255104,2,4363,17002,53828,67626,62.918392,,true,1.0,0.8,false,2020-01-06 13:58:19,2020-01-06 13:58:19
31255102,2,4363,17002,53828,67634,68.520465,,true,1.0,0.8,false,2020-01-06 13:58:15,2020-01-06 13:58:15
31255092,2,4363,17002,53828,67626,60.101734,,true,1.0,0.8,false,2020-01-06 13:57:58,2020-01-06 13:57:58
31255091,2,4363,17002,53828,67638,45.909378978,,true,1.0,0.0,false,2020-01-06 13:57:58,2020-01-06 13:57:58
31255087,2,4363,17002,53828,67634,65.70652,,true,1.0,0.8,false,2020-01-06 13:57:55,2020-01-06 13:57:55
31255082,2,4363,17002,53828,67636,76.861363,,true,1.0,0.0,false,2020-01-06 13:57:48,2020-01-06 13:57:48
31255081,2,4363,17002,53828,67622,92.006796,,true,1.0,0.8,false,2020-01-06 13:57:46,2020-01-06 13:57:46
31255075,2,4363,17002,53828,67638,43.029225282,,true,1.0,0.0,false,2020-01-06 13:57:35,2020-01-06 13:57:35
31255068,2,4363,17002,53828,67626,56.530655,,true,1.0,0.8,false,2020-01-06 13:57:28,2020-01-06 13:57:28
31255059,2,4363,17002,53828,67617,96.8,,false,1.0,0.8,false,2020-01-06 13:57:03,2020-01-06 13:57:03
31255057,2,4363,17002,53828,67621,92.054871,,true,1.0,0.8,false,2020-01-06 13:57:01,2020-01-06 13:57:01
31255056,2,4363,17002,53828,67623,96.8,,false,1.0,0.8,false,2020-01-06 13:57:00,2020-01-06 13:57:00
31255050,2,4363,17002,53828,67627,68.668448,,true,1.0,0.8,false,2020-01-06 13:56:53,2020-01-06 13:56:53
31255049,2,4363,17002,53828,67638,39.516831149,,true,1.0,0.0,false,2020-01-06 13:56:50,2020-01-06 13:56:50
31255042,2,4363,17002,53828,67636,74.043858,,true,1.0,0.0,false,2020-01-06 13:56:33,2020-01-06 13:56:33
31255041,2,4363,17002,53828,67634,62.866679,,true,1.0,0.8,false,2020-01-06 13:56:32,2020-01-06 13:56:32
31255038,2,4363,17002,53828,67626,54.03092,,true,1.0,0.8,false,2020-01-06 13:56:30,2020-01-06 13:56:30
31255026,2,4363,17002,53828,67617,94.682223,,true,1.0,0.8,false,2020-01-06 13:56:14,2020-01-06 13:56:14
31255022,2,4363,17002,53828,67638,35.858350258,,true,1.0,0.0,false,2020-01-06 13:56:10,2020-01-06 13:56:10
31255020,2,4363,17002,53828,67626,51.302291,,true,1.0,0.8,false,2020-01-06 13:56:08,2020-01-06 13:56:08
31255012,2,4363,17002,53828,67621,88.943828,,true,1.0,0.8,false,2020-01-06 13:55:51,2020-01-06 13:55:51
31255009,2,4363,17002,53828,67626,48.503417,,true,1.0,0.8,false,2020-01-06 13:55:49,2020-01-06 13:55:49
31255008,2,4363,17002,53828,67622,88.795695,,true,1.0,0.8,false,2020-01-06 13:55:48,2020-01-06 13:55:48
31254917,2,4363,17002,53828,67626,35.928584,,true,1.0,0.8,false,2020-01-06 13:53:37,2020-01-06 13:53:37
31254915,2,4363,17002,53828,67638,30.258821447,,true,1.0,0.0,false,2020-01-06 13:53:34,2020-01-06 13:53:34
31254907,2,4363,17002,53828,67626,33.17122,,true,1.0,0.8,false,2020-01-06 13:53:23,2020-01-06 13:53:23
31254903,2,4363,17002,53828,67621,88.913684,,true,1.0,0.8,false,2020-01-06 13:53:16,2020-01-06 13:53:16
31254902,2,4363,17002,53828,67627,60.16727,,true,1.0,0.8,false,2020-01-06 13:53:14,2020-01-06 13:53:14
31254897,2,4363,17002,53828,67621,86.087743,,true,1.0,0.8,false,2020-01-06 13:53:04,2020-01-06 13:53:04
31254894,2,4363,17002,53828,67626,30.225259,,true,1.0,0.8,false,2020-01-06 13:53:01,2020-01-06 13:53:01
31254888,2,4363,17002,53828,67621,83.258945,,true,1.0,0.8,false,2020-01-06 13:52:42,2020-01-06 13:52:42
31254881,2,4363,17002,53828,67622,80.048719,,true,1.0,0.8,false,2020-01-06 13:52:29,2020-01-06 13:52:29
31255426,2,4363,17002,53828,67636,94.686982,,true,1.0,0.0,false,2020-01-06 14:09:47,2020-01-06 14:09:47
31255423,2,4363,17002,53828,67634,94.683057,,true,1.0,0.8,false,2020-01-06 14:09:39,2020-01-06 14:09:39
31255422,2,4363,17002,53828,67635,86.138005,,true,1.0,0.8,false,2020-01-06 14:09:37,2020-01-06 14:09:37
31254871,2,4363,17002,53828,67635,63.012616,,true,1.0,0.8,false,2020-01-06 13:52:25,2020-01-06 13:52:25
31254868,2,4363,17002,53828,67621,83.258945,,true,1.0,0.8,false,2020-01-06 13:52:15,2020-01-06 13:52:15
31254860,2,4363,17002,53828,67638,27.252010323,,true,1.0,0.0,false,2020-01-06 13:52:02,2020-01-06 13:52:02
31254858,2,4363,17002,53828,67617,88.93872,,true,1.0,0.8,false,2020-01-06 13:51:56,2020-01-06 13:51:56
31254855,2,4363,17002,53828,67635,60.242447,,true,1.0,0.8,false,2020-01-06 13:51:51,2020-01-06 13:51:51
31254853,2,4363,17002,53828,67636,68.705333,,true,1.0,0.0,false,2020-01-06 13:51:47,2020-01-06 13:51:47
31254847,2,4363,17002,53828,67627,56.505366,,true,1.0,0.8,false,2020-01-06 13:51:41,2020-01-06 13:51:41
31254835,2,4363,17002,53828,67626,27.181152,,true,1.0,0.8,false,2020-01-06 13:51:15,2020-01-06 13:51:15
31254834,2,4363,17002,53828,67636,65.71098,,true,1.0,0.0,false,2020-01-06 13:51:15,2020-01-06 13:51:15
31254826,2,4363,17002,53828,67621,80.146428,,true,1.0,0.8,false,2020-01-06 13:51:01,2020-01-06 13:51:01
31254824,2,4363,17002,53828,67635,56.445687,,true,1.0,0.8,false,2020-01-06 13:50:59,2020-01-06 13:50:59
31254814,2,4363,17002,53828,67636,62.928962,,true,1.0,0.0,false,2020-01-06 13:50:44,2020-01-06 13:50:44
31254813,2,4363,17002,53828,67626,24.722357,,true,1.0,0.8,false,2020-01-06 13:50:44,2020-01-06 13:50:44
31254810,2,4363,17002,53828,67634,56.562032,,true,1.0,0.8,false,2020-01-06 13:50:32,2020-01-06 13:50:32
31254809,2,4363,17002,53828,67638,24.75311697,,true,1.0,0.0,false,2020-01-06 13:50:29,2020-01-06 13:50:29
31254803,2,4363,17002,53828,67626,21.533901,,true,1.0,0.8,false,2020-01-06 13:50:21,2020-01-06 13:50:21
31254800,2,4363,17002,53828,67617,83.206666,,true,1.0,0.8,false,2020-01-06 13:50:16,2020-01-06 13:50:16
31254795,2,4363,17002,53828,67626,18.263952,,true,1.0,0.8,false,2020-01-06 13:50:01,2020-01-06 13:50:01
31254788,2,4363,17002,53828,67636,60.202364,,true,1.0,0.0,false,2020-01-06 13:49:51,2020-01-06 13:49:51
31254772,2,4363,17002,53828,67622,76.788071,,true,1.0,0.8,false,2020-01-06 13:49:32,2020-01-06 13:49:32
31254763,2,4363,17002,53828,67626,96.9,,false,1.0,0.8,false,2020-01-06 13:48:56,2020-01-06 13:48:56
31254759,2,4363,17002,53828,67621,76.754524,,true,1.0,0.8,false,2020-01-06 13:48:53,2020-01-06 13:48:53
31254755,2,4363,17002,53828,67617,86.177752,,true,1.0,0.8,false,2020-01-06 13:48:46,2020-01-06 13:48:46
31254753,2,4363,17002,53828,67623,92.140264,,true,1.0,0.8,false,2020-01-06 13:48:37,2020-01-06 13:48:37
31254752,2,4363,17002,53828,67638,21.499254431,,true,1.0,0.0,false,2020-01-06 13:48:34,2020-01-06 13:48:34
31254751,2,4363,17002,53828,67631,96.8,,false,1.0,0.8,false,2020-01-06 13:48:34,2020-01-06 13:48:34
31254749,2,4363,17002,53828,67617,83.125177,,true,1.0,0.8,false,2020-01-06 13:48:34,2020-01-06 13:48:34
31254748,2,4363,17002,53828,67627,54.143779,,true,1.0,0.8,false,2020-01-06 13:48:34,2020-01-06 13:48:34
31254738,2,4363,17002,53828,67617,80.205491,,true,1.0,0.8,false,2020-01-06 13:48:28,2020-01-06 13:48:28
31254721,2,4363,17002,53828,67635,54.113436,,true,1.0,0.8,false,2020-01-06 13:48:04,2020-01-06 13:48:04
31254719,2,4363,17002,53828,67627,51.457113,,true,1.0,0.8,false,2020-01-06 13:48:03,2020-01-06 13:48:03
31254706,2,4363,17002,53828,67626,94.881187,,true,1.0,0.8,false,2020-01-06 13:47:49,2020-01-06 13:47:49
31254703,2,4363,17002,53828,67622,74.092287,,true,1.0,0.8,false,2020-01-06 13:47:48,2020-01-06 13:47:48
31254702,2,4363,17002,53828,67638,18.215786703,,true,1.0,0.0,false,2020-01-06 13:47:46,2020-01-06 13:47:46
31254697,2,4363,17002,53828,67623,88.97424,,true,1.0,0.8,false,2020-01-06 13:47:42,2020-01-06 13:47:42
31254687,2,4363,17002,53828,67635,51.289846,,true,1.0,0.8,false,2020-01-06 13:47:14,2020-01-06 13:47:14
31254677,2,4363,17002,53828,67617,80.064722,,true,1.0,0.8,false,2020-01-06 13:46:49,2020-01-06 13:46:49
31254676,2,4363,17002,53828,67622,71.355763,,true,1.0,0.8,false,2020-01-06 13:46:47,2020-01-06 13:46:47
31254672,2,4363,17002,53828,67638,15.431400337,,true,1.0,0.0,false,2020-01-06 13:46:42,2020-01-06 13:46:42
31254667,2,4363,17002,53828,67626,92.110008,,true,1.0,0.8,false,2020-01-06 13:46:30,2020-01-06 13:46:30
31254666,2,4363,17002,53828,67634,54.153008,,true,1.0,0.8,false,2020-01-06 13:46:28,2020-01-06 13:46:28
31254660,2,4363,17002,53828,67638,11.484356504,,true,1.0,0.0,false,2020-01-06 13:46:25,2020-01-06 13:46:25
31254659,2,4363,17002,53828,67627,48.503417,,true,1.0,0.8,false,2020-01-06 13:46:24,2020-01-06 13:46:24
31254645,2,4363,17002,53828,67638,2.757714166,,false,1.0,0.0,false,2020-01-06 13:46:10,2020-01-06 13:46:10
31254640,2,4363,17002,53828,67638,1.875445929,,false,1.0,0.0,false,2020-01-06 13:46:09,2020-01-06 13:46:09
31254638,2,4363,17002,53828,67617,76.824338,,true,1.0,0.8,false,2020-01-06 13:46:03,2020-01-06 13:46:03
31254637,2,4363,17002,53828,67622,68.611419,,true,1.0,0.8,false,2020-01-06 13:46:02,2020-01-06 13:46:02
31254628,2,4363,17002,53828,67621,73.923391,,true,1.0,0.8,false,2020-01-06 13:45:45,2020-01-06 13:45:45
31254624,2,4363,17002,53828,67627,45.947355,,true,1.0,0.8,false,2020-01-06 13:45:38,2020-01-06 13:45:38
31254620,2,4363,17002,53828,67617,74.069254,,true,1.0,0.8,false,2020-01-06 13:45:25,2020-01-06 13:45:25
31254617,2,4363,17002,53828,67636,56.593067,,true,1.0,0.0,false,2020-01-06 13:45:22,2020-01-06 13:45:22
31254612,2,4363,17002,53828,67634,51.342918,,true,1.0,0.8,false,2020-01-06 13:45:15,2020-01-06 13:45:15
31254608,2,4363,17002,53828,67623,86.052837,,true,1.0,0.8,false,2020-01-06 13:45:02,2020-01-06 13:45:02
31254599,2,4363,17002,53828,67635,48.469777,,true,1.0,0.8,false,2020-01-06 13:44:46,2020-01-06 13:44:46
31254598,2,4363,17002,53828,67623,83.280543,,true,1.0,0.8,false,2020-01-06 13:44:46,2020-01-06 13:44:46
31254589,2,4363,17002,53828,67636,54.104224,,true,1.0,0.0,false,2020-01-06 13:44:40,2020-01-06 13:44:40
31254580,2,4363,17002,53828,67623,80.016654,,true,1.0,0.8,false,2020-01-06 13:44:29,2020-01-06 13:44:29
31254577,2,4363,17002,53828,67635,45.893971,,true,1.0,0.8,false,2020-01-06 13:44:20,2020-01-06 13:44:20
31254570,2,4363,17002,53828,67634,48.503417,,true,1.0,0.8,false,2020-01-06 13:44:08,2020-01-06 13:44:08
31254563,2,4363,17002,53828,67626,88.994612,,true,1.0,0.8,false,2020-01-06 13:43:57,2020-01-06 13:43:57
31254556,2,4363,17002,53828,67622,65.648787,,true,1.0,0.8,false,2020-01-06 13:43:47,2020-01-06 13:43:47
31254550,2,4363,17002,53828,67621,71.373187,,true,1.0,0.8,false,2020-01-06 13:43:38,2020-01-06 13:43:38
31254548,2,4363,17002,53828,67636,51.219417,,true,1.0,0.0,false,2020-01-06 13:43:34,2020-01-06 13:43:34
31254542,2,4363,17002,53828,67617,71.331264,,true,1.0,0.8,false,2020-01-06 13:43:20,2020-01-06 13:43:20
31254540,2,4363,17002,53828,67634,45.824214,,true,1.0,0.8,false,2020-01-06 13:43:16,2020-01-06 13:43:16
31254539,2,4363,17002,53828,67623,76.853759,,true,1.0,0.8,false,2020-01-06 13:43:14,2020-01-06 13:43:14
31254534,2,4363,17002,53828,67636,48.530438,,true,1.0,0.0,false,2020-01-06 13:43:06,2020-01-06 13:43:06
31254519,2,4363,17002,53828,67623,74.19052,,true,1.0,0.8,false,2020-01-06 13:42:32,2020-01-06 13:42:32
31254518,2,4363,17002,53828,67636,45.840892,,true,1.0,0.0,false,2020-01-06 13:42:31,2020-01-06 13:42:31
31254517,2,4363,17002,53828,67623,74.127232,,true,1.0,0.8,false,2020-01-06 13:42:31,2020-01-06 13:42:31
31254510,2,4363,17002,53828,67636,43.112979,,true,1.0,0.0,false,2020-01-06 13:42:15,2020-01-06 13:42:15
31254509,2,4363,17002,53828,67626,86.178626,,true,1.0,0.8,false,2020-01-06 13:42:13,2020-01-06 13:42:13
31254501,2,4363,17002,53828,67627,43.164349,,true,1.0,0.8,false,2020-01-06 13:42:07,2020-01-06 13:42:07
31254499,2,4363,17002,53828,67617,68.612552,,true,1.0,0.8,false,2020-01-06 13:41:57,2020-01-06 13:41:57
31254495,2,4363,17002,53828,67636,39.471075,,true,1.0,0.0,false,2020-01-06 13:41:52,2020-01-06 13:41:52
31254494,2,4363,17002,53828,67634,43.054804,,true,1.0,0.8,false,2020-01-06 13:41:51,2020-01-06 13:41:51
31254492,2,4363,17002,53828,67626,83.29908,,true,1.0,0.8,false,2020-01-06 13:41:49,2020-01-06 13:41:49
31254488,2,4363,17002,53828,67636,35.928584,,true,1.0,0.0,false,2020-01-06 13:41:46,2020-01-06 13:41:46
31254482,2,4363,17002,53828,67636,33.17122,,false,1.0,0.0,false,2020-01-06 13:41:39,2020-01-06 13:41:39
31254467,2,4363,17002,53828,67617,65.621297,,true,1.0,0.8,false,2020-01-06 13:41:13,2020-01-06 13:41:13
31254461,2,4363,17002,53828,67622,62.97075,,true,1.0,0.8,false,2020-01-06 13:40:51,2020-01-06 13:40:51
31254458,2,4363,17002,53828,67636,43.153183,,true,1.0,0.0,false,2020-01-06 13:40:50,2020-01-06 13:40:50
31254446,2,4363,17002,53828,67636,43.153183,,true,1.0,0.0,false,2020-01-06 13:40:44,2020-01-06 13:40:44
31254126,2,4363,17002,53828,67621,56.62913,,true,1.0,0.8,false,2020-01-06 13:33:20,2020-01-06 13:33:20
31254125,2,4363,17002,53828,67634,24.79322,,true,1.0,0.8,false,2020-01-06 13:33:19,2020-01-06 13:33:19
31254122,2,4363,17002,53828,67617,48.503417,,true,1.0,0.8,false,2020-01-06 13:33:17,2020-01-06 13:33:17
31254117,2,4363,17002,53828,67626,62.971079,,true,1.0,0.8,false,2020-01-06 13:33:13,2020-01-06 13:33:13
31254113,2,4363,17002,53828,67635,27.200759,,true,1.0,0.8,false,2020-01-06 13:33:04,2020-01-06 13:33:04
31254112,2,4363,17002,53828,67623,62.829209,,true,1.0,0.8,false,2020-01-06 13:33:04,2020-01-06 13:33:04
31254105,2,4363,17002,53828,67636,27.271425,,true,1.0,0.0,false,2020-01-06 13:32:58,2020-01-06 13:32:58
31254101,2,4363,17002,53828,67617,48.503417,,true,1.0,0.8,true,2020-01-06 13:32:54,2020-01-06 13:32:54
31255001,2,4363,17002,53828,67627,65.761192,,true,1.0,0.8,false,2020-01-06 13:55:39,2020-01-06 13:55:39
31254998,2,4363,17002,53828,67634,60.119899,,true,1.0,0.8,false,2020-01-06 13:55:34,2020-01-06 13:55:34
31254996,2,4363,17002,53828,67626,45.876799,,true,1.0,0.8,false,2020-01-06 13:55:31,2020-01-06 13:55:31
31254995,2,4363,17002,53828,67635,68.548898,,true,1.0,0.8,false,2020-01-06 13:55:31,2020-01-06 13:55:31
31254974,2,4363,17002,53828,67636,71.434811,,true,1.0,0.0,false,2020-01-06 13:55:07,2020-01-06 13:55:07
31254969,2,4363,17002,53828,67626,43.039489,,true,1.0,0.8,false,2020-01-06 13:55:03,2020-01-06 13:55:03
31254955,2,4363,17002,53828,67617,92.180671,,true,1.0,0.8,false,2020-01-06 13:54:50,2020-01-06 13:54:50
31254953,2,4363,17002,53828,67622,86.263419,,true,1.0,0.8,false,2020-01-06 13:54:48,2020-01-06 13:54:48
31254949,2,4363,17002,53828,67638,33.075156497,,true,1.0,0.0,false,2020-01-06 13:54:47,2020-01-06 13:54:47
31254939,2,4363,17002,53828,67623,94.805658,,true,1.0,0.8,false,2020-01-06 13:54:23,2020-01-06 13:54:23
31254937,2,4363,17002,53828,67622,83.265616,,true,1.0,0.8,false,2020-01-06 13:54:20,2020-01-06 13:54:20
31254934,2,4363,17002,53828,67635,65.607142,,true,1.0,0.8,false,2020-01-06 13:54:13,2020-01-06 13:54:13
31254932,2,4363,17002,53828,67627,62.842326,,true,1.0,0.8,false,2020-01-06 13:54:04,2020-01-06 13:54:04
31254929,2,4363,17002,53828,67626,39.471075,,true,1.0,0.8,false,2020-01-06 13:53:54,2020-01-06 13:53:54
31254087,2,4363,17002,53828,67626,60.127474,,true,1.0,0.8,false,2020-01-06 13:32:47,2020-01-06 13:32:47
31254073,2,4363,17002,53828,67622,42.959954,,true,1.0,0.8,false,2020-01-06 13:32:38,2020-01-06 13:32:38
31254071,2,4363,17002,53828,67627,27.095554,,true,1.0,0.8,false,2020-01-06 13:32:37,2020-01-06 13:32:37
31254059,2,4363,17002,53828,67636,24.746868,,true,1.0,0.0,false,2020-01-06 13:32:30,2020-01-06 13:32:30
31254053,2,4363,17002,53828,67617,48.503417,,true,1.0,0.0,false,2020-01-06 13:32:17,2020-01-06 13:32:17
31254049,2,4363,17002,53828,67634,21.533901,,true,1.0,0.8,false,2020-01-06 13:32:16,2020-01-06 13:32:16
31254043,2,4363,17002,53828,67634,18.263952,,true,1.0,0.8,false,2020-01-06 13:32:11,2020-01-06 13:32:11
31254038,2,4363,17002,53828,67617,48.503417,,true,1.0,0.0,false,2020-01-06 13:32:09,2020-01-06 13:32:09
31254028,2,4363,17002,53828,67617,48.503417,,true,1.0,0.0,false,2020-01-06 13:32:04,2020-01-06 13:32:04
31254020,2,4363,17002,53828,67627,27.33736,,true,1.0,0.8,false,2020-01-06 13:32:02,2020-01-06 13:32:02
31254016,2,4363,17002,53828,67634,15.391901,,true,1.0,0.8,false,2020-01-06 13:32:01,2020-01-06 13:32:01
31254014,2,4363,17002,53828,67622,39.471075,,true,1.0,0.8,false,2020-01-06 13:31:58,2020-01-06 13:31:58
31254013,2,4363,17002,53828,67623,60.193952,,true,1.0,0.8,false,2020-01-06 13:31:58,2020-01-06 13:31:58
31254012,2,4363,17002,53828,67635,24.872574,,true,1.0,0.8,false,2020-01-06 13:31:58,2020-01-06 13:31:58
31254011,2,4363,17002,53828,67627,27.33736,,true,1.0,0.8,false,2020-01-06 13:31:57,2020-01-06 13:31:57
31253992,2,4363,17002,53828,67627,24.697134,,true,1.0,0.8,false,2020-01-06 13:31:44,2020-01-06 13:31:44
31253989,2,4363,17002,53828,67622,35.928584,,true,1.0,0.8,false,2020-01-06 13:31:43,2020-01-06 13:31:43
31253987,2,4363,17002,53828,67621,54.082305,,true,1.0,0.8,false,2020-01-06 13:31:41,2020-01-06 13:31:41
31253977,2,4363,17002,53828,67622,33.17122,,true,1.0,0.8,false,2020-01-06 13:31:38,2020-01-06 13:31:38
31253967,2,4363,17002,53828,67617,48.503417,,true,1.0,0.0,false,2020-01-06 13:31:36,2020-01-06 13:31:36
31253961,2,4363,17002,53828,67626,56.638064,,true,1.0,0.8,false,2020-01-06 13:31:30,2020-01-06 13:31:30
31253954,2,4363,17002,53828,67622,39.628743,,true,1.0,0.8,false,2020-01-06 13:31:23,2020-01-06 13:31:23
31253949,2,4363,17002,53828,67622,39.610062,,true,1.0,0.8,false,2020-01-06 13:31:20,2020-01-06 13:31:20
31253943,2,4363,17002,53828,67634,21.533901,,true,1.0,0.8,false,2020-01-06 13:31:14,2020-01-06 13:31:14
31253938,2,4363,17002,53828,67617,48.503417,,true,1.0,0.0,false,2020-01-06 13:31:05,2020-01-06 13:31:05
31253925,2,4363,17002,53828,67617,48.503417,,true,1.0,0.0,false,2020-01-06 13:30:50,2020-01-06 13:30:50
31253920,2,4363,17002,53828,67635,21.546063,,true,1.0,0.8,false,2020-01-06 13:30:46,2020-01-06 13:30:46
31253918,2,4363,17002,53828,67617,48.503417,,true,1.0,0.0,false,2020-01-06 13:30:45,2020-01-06 13:30:45
31253914,2,4363,17002,53828,67617,48.503417,,true,1.0,0.0,false,2020-01-06 13:30:40,2020-01-06 13:30:40
31253911,2,4363,17002,53828,67621,51.252169,,true,1.0,0.8,false,2020-01-06 13:30:30,2020-01-06 13:30:30
31253908,2,4363,17002,53828,67636,21.531494,,true,1.0,0.0,false,2020-01-06 13:30:28,2020-01-06 13:30:28
31253906,2,4363,17002,53828,67626,54.056931,,true,1.0,0.8,false,2020-01-06 13:30:26,2020-01-06 13:30:26
31253899,2,4363,17002,53828,67623,56.60353,,true,1.0,0.8,false,2020-01-06 13:30:15,2020-01-06 13:30:15
31253898,2,4363,17002,53828,67636,18.404057,,true,1.0,0.0,false,2020-01-06 13:30:13,2020-01-06 13:30:13
31253890,2,4363,17002,53828,67621,48.42285,,true,1.0,0.8,false,2020-01-06 13:30:04,2020-01-06 13:30:04
31253887,2,4363,17002,53828,67634,21.533901,,true,1.0,0.8,false,2020-01-06 13:30:00,2020-01-06 13:30:00
31253884,2,4363,17002,53828,67634,21.533901,,true,1.0,0.8,false,2020-01-06 13:29:58,2020-01-06 13:29:58
31253881,2,4363,17002,53828,67622,39.610036,,true,1.0,0.8,false,2020-01-06 13:29:56,2020-01-06 13:29:56
31253879,2,4363,17002,53828,67627,21.511239,,true,1.0,0.8,false,2020-01-06 13:29:51,2020-01-06 13:29:51
31253877,2,4363,17002,53828,67634,21.533901,,true,1.0,0.8,false,2020-01-06 13:29:49,2020-01-06 13:29:49
31253874,2,4363,17002,53828,67636,15.401359,,true,1.0,0.0,false,2020-01-06 13:29:45,2020-01-06 13:29:45
31253872,2,4363,17002,53828,67634,18.263952,,true,1.0,0.8,false,2020-01-06 13:29:42,2020-01-06 13:29:42
31253867,2,4363,17002,53828,67634,22.172682,,false,1.0,0.8,false,2020-01-06 13:29:37,2020-01-06 13:29:37
31253864,2,4363,17002,53828,67634,21.513226,,true,1.0,0.8,false,2020-01-06 13:29:35,2020-01-06 13:29:35
31253862,2,4363,17002,53828,67623,54.159046,,true,1.0,0.8,false,2020-01-06 13:29:31,2020-01-06 13:29:31
31253860,2,4363,17002,53828,67621,45.876093,,true,1.0,0.8,false,2020-01-06 13:29:28,2020-01-06 13:29:28
31253858,2,4363,17002,53828,67626,51.386773,,true,1.0,0.8,false,2020-01-06 13:29:26,2020-01-06 13:29:26
31253855,2,4363,17002,53828,67627,18.290514,,true,1.0,0.8,false,2020-01-06 13:29:16,2020-01-06 13:29:16
31253853,2,4363,17002,53828,67623,51.270004,,true,1.0,0.8,false,2020-01-06 13:29:13,2020-01-06 13:29:13
31253848,2,4363,17002,53828,67626,48.503417,,true,1.0,0.8,false,2020-01-06 13:29:05,2020-01-06 13:29:05
31253843,2,4363,17002,53828,67617,48.503417,,true,1.0,0.0,false,2020-01-06 13:29:00,2020-01-06 13:29:00
31253842,2,4363,17002,53828,67627,15.406478,,true,1.0,0.8,false,2020-01-06 13:28:59,2020-01-06 13:28:59
31253836,2,4363,17002,53828,67634,18.263952,,true,1.0,0.8,false,2020-01-06 13:28:52,2020-01-06 13:28:52
31253834,2,4363,17002,53828,67617,46.005783782,,true,1.0,0.0,false,2020-01-06 13:28:49,2020-01-06 13:28:49
31253833,2,4363,17002,53828,67626,45.861915,,true,1.0,0.8,false,2020-01-06 13:28:46,2020-01-06 13:28:46
31253830,2,4363,17002,53828,67634,18.263952,,true,1.0,0.8,false,2020-01-06 13:28:44,2020-01-06 13:28:44
31253825,2,4363,17002,53828,67636,11.513718,,true,1.0,0.0,false,2020-01-06 13:28:43,2020-01-06 13:28:43
31253824,2,4363,17002,53828,67627,11.465934,,true,1.0,0.8,false,2020-01-06 13:28:42,2020-01-06 13:28:42
31253823,2,4363,17002,53828,67623,48.554088,,true,1.0,0.8,false,2020-01-06 13:28:41,2020-01-06 13:28:41
31253819,2,4363,17002,53828,67627,13.674466,,false,1.0,0.8,false,2020-01-06 13:28:37,2020-01-06 13:28:37
31253817,2,4363,17002,53828,67627,11.398911,,true,1.0,0.8,false,2020-01-06 13:28:34,2020-01-06 13:28:34
31253813,2,4363,17002,53828,67617,43.138034544,,true,1.0,0.0,false,2020-01-06 13:28:29,2020-01-06 13:28:29
31253810,2,4363,17002,53828,67631,68.623812,,true,1.0,0.8,false,2020-01-06 13:28:22,2020-01-06 13:28:22
31253808,2,4363,17002,53828,67634,20.030452,,false,1.0,0.8,false,2020-01-06 13:28:12,2020-01-06 13:28:12
31253806,2,4363,17002,53828,67634,18.231019,,true,1.0,0.8,false,2020-01-06 13:28:09,2020-01-06 13:28:09
31253804,2,4363,17002,53828,67634,15.339296,,true,1.0,0.8,false,2020-01-06 13:28:06,2020-01-06 13:28:06
31253803,2,4363,17002,53828,67631,65.568822,,true,1.0,0.8,false,2020-01-06 13:28:03,2020-01-06 13:28:03
31253800,2,4363,17002,53828,67621,43.045799,,true,1.0,0.8,false,2020-01-06 13:28:01,2020-01-06 13:28:01
31253790,2,4363,17002,53828,67631,63.053794,,true,1.0,0.8,false,2020-01-06 13:27:53,2020-01-06 13:27:53
31253780,2,4363,17002,53828,67631,60.215102,,true,1.0,0.8,false,2020-01-06 13:27:31,2020-01-06 13:27:31
31253776,2,4363,17002,53828,67623,45.921588,,true,1.0,0.8,false,2020-01-06 13:27:20,2020-01-06 13:27:20
31253772,2,4363,17002,53828,67634,11.649637,,true,1.0,0.8,false,2020-01-06 13:27:15,2020-01-06 13:27:15
31253770,2,4363,17002,53828,67634,11.649637,,true,1.0,0.8,false,2020-01-06 13:27:14,2020-01-06 13:27:14
31253768,2,4363,17002,53828,67635,18.227247,,true,1.0,0.8,false,2020-01-06 13:27:12,2020-01-06 13:27:12
31253742,2,4363,17002,53828,67623,43.202921,,true,1.0,0.8,false,2020-01-06 13:26:55,2020-01-06 13:26:55
31253741,2,4363,17002,53828,67623,43.138395,,true,1.0,0.8,false,2020-01-06 13:26:54,2020-01-06 13:26:54
31253731,2,4363,17002,53828,67631,54.097585,,true,1.0,0.8,false,2020-01-06 13:26:48,2020-01-06 13:26:48
31253728,2,4363,17002,53828,67635,15.405829,,true,1.0,0.8,false,2020-01-06 13:26:41,2020-01-06 13:26:41
31253720,2,4363,17002,53828,67622,35.904592,,true,1.0,0.8,false,2020-01-06 13:26:32,2020-01-06 13:26:32
31253718,2,4363,17002,53828,67631,51.232558,,true,1.0,0.8,false,2020-01-06 13:26:29,2020-01-06 13:26:29
31253716,2,4363,17002,53828,67621,39.65072,,true,1.0,0.8,false,2020-01-06 13:26:28,2020-01-06 13:26:28
31253711,2,4363,17002,53828,67617,39.45092136,,true,1.0,0.0,false,2020-01-06 13:26:09,2020-01-06 13:26:09
31253706,2,4363,17002,53828,67622,33.188753,,true,1.0,0.8,false,2020-01-06 13:26:05,2020-01-06 13:26:05
31253704,2,4363,17002,53828,67631,48.464249,,true,1.0,0.8,false,2020-01-06 13:26:04,2020-01-06 13:26:04
31254442,2,4363,17002,53828,67636,43.153183,,true,1.0,0.0,false,2020-01-06 13:40:40,2020-01-06 13:40:40
31254439,2,4363,17002,53828,67626,80.145316,,true,1.0,0.8,false,2020-01-06 13:40:38,2020-01-06 13:40:38
31254437,2,4363,17002,53828,67636,43.153183,,true,1.0,0.0,false,2020-01-06 13:40:34,2020-01-06 13:40:34
31254435,2,4363,17002,53828,67635,43.078478,,true,1.0,0.8,false,2020-01-06 13:40:31,2020-01-06 13:40:31
31254423,2,4363,17002,53828,67636,39.471075,,true,1.0,0.0,false,2020-01-06 13:40:23,2020-01-06 13:40:23
31254420,2,4363,17002,53828,67617,62.905755,,true,1.0,0.8,false,2020-01-06 13:40:17,2020-01-06 13:40:17
31254418,2,4363,17002,53828,67636,35.928584,,true,1.0,0.0,false,2020-01-06 13:40:15,2020-01-06 13:40:15
31254417,2,4363,17002,53828,67634,39.405553,,true,1.0,0.8,false,2020-01-06 13:40:14,2020-01-06 13:40:14
31254412,2,4363,17002,53828,67623,71.216827,,true,1.0,0.8,false,2020-01-06 13:40:10,2020-01-06 13:40:10
31254410,2,4363,17002,53828,67636,33.17122,,false,1.0,0.0,false,2020-01-06 13:40:09,2020-01-06 13:40:09
31254403,2,4363,17002,53828,67622,60.249809,,true,1.0,0.8,false,2020-01-06 13:40:03,2020-01-06 13:40:03
31254391,2,4363,17002,53828,67636,42.955028,,true,1.0,0.0,false,2020-01-06 13:39:52,2020-01-06 13:39:52
31254388,2,4363,17002,53828,67626,76.932686,,true,1.0,0.8,false,2020-01-06 13:39:47,2020-01-06 13:39:47
31254383,2,4363,17002,53828,67617,60.175155,,true,1.0,0.8,false,2020-01-06 13:39:33,2020-01-06 13:39:33
31254366,2,4363,17002,53828,67635,39.502486,,true,1.0,0.8,false,2020-01-06 13:39:09,2020-01-06 13:39:09
31254361,2,4363,17002,53828,67627,39.583715,,true,1.0,0.8,false,2020-01-06 13:39:04,2020-01-06 13:39:04
31254343,2,4363,17002,53828,67634,36.061948,,true,1.0,0.8,false,2020-01-06 13:38:47,2020-01-06 13:38:47
31254341,2,4363,17002,53828,67621,68.543754,,true,1.0,0.8,false,2020-01-06 13:38:45,2020-01-06 13:38:45
31254327,2,4363,17002,53828,67617,56.442384,,true,1.0,0.8,false,2020-01-06 13:38:28,2020-01-06 13:38:28
31254326,2,4363,17002,53828,67627,35.863761,,true,1.0,0.8,false,2020-01-06 13:38:28,2020-01-06 13:38:28
31254322,2,4363,17002,53828,67635,35.928293,,true,1.0,0.8,false,2020-01-06 13:38:21,2020-01-06 13:38:21
31254320,2,4363,17002,53828,67621,65.716203,,true,1.0,0.8,false,2020-01-06 13:38:20,2020-01-06 13:38:20
31254306,2,4363,17002,53828,67631,94.868075,,true,1.0,0.8,false,2020-01-06 13:37:56,2020-01-06 13:37:56
31254302,2,4363,17002,53828,67634,33.262062,,true,1.0,0.8,false,2020-01-06 13:37:46,2020-01-06 13:37:46
31254298,2,4363,17002,53828,67631,92.089816,,true,1.0,0.8,false,2020-01-06 13:37:41,2020-01-06 13:37:41
31254286,2,4363,17002,53828,67631,88.832575,,true,1.0,0.8,false,2020-01-06 13:37:33,2020-01-06 13:37:33
31254277,2,4363,17002,53828,67617,54.273578,,true,1.0,0.8,false,2020-01-06 13:37:21,2020-01-06 13:37:21
31254275,2,4363,17002,53828,67617,54.145948,,true,1.0,0.8,false,2020-01-06 13:37:21,2020-01-06 13:37:21
31254274,2,4363,17002,53828,67635,33.120241,,true,1.0,0.8,false,2020-01-06 13:37:21,2020-01-06 13:37:21
31254269,2,4363,17002,53828,67631,86.05522,,true,1.0,0.8,false,2020-01-06 13:37:16,2020-01-06 13:37:16
31254265,2,4363,17002,53828,67622,56.535962,,true,1.0,0.8,false,2020-01-06 13:37:12,2020-01-06 13:37:12
31254264,2,4363,17002,53828,67626,74.103435,,true,1.0,0.8,false,2020-01-06 13:37:11,2020-01-06 13:37:11
31254262,2,4363,17002,53828,67627,33.235145,,true,1.0,0.8,false,2020-01-06 13:37:09,2020-01-06 13:37:09
31254260,2,4363,17002,53828,67631,83.295202,,true,1.0,0.8,false,2020-01-06 13:37:07,2020-01-06 13:37:07
31254254,2,4363,17002,53828,67636,39.499496,,true,1.0,0.0,false,2020-01-06 13:37:01,2020-01-06 13:37:01
31254252,2,4363,17002,53828,67631,80.042185,,true,1.0,0.8,false,2020-01-06 13:36:58,2020-01-06 13:36:58
31254246,2,4363,17002,53828,67631,76.778055,,true,1.0,0.8,false,2020-01-06 13:36:50,2020-01-06 13:36:50
31254242,2,4363,17002,53828,67631,74.005849,,true,1.0,0.8,false,2020-01-06 13:36:44,2020-01-06 13:36:44
31254240,2,4363,17002,53828,67622,54.027879,,true,1.0,0.8,false,2020-01-06 13:36:41,2020-01-06 13:36:41
31254238,2,4363,17002,53828,67617,51.522011,,true,1.0,0.8,false,2020-01-06 13:36:36,2020-01-06 13:36:36
31254233,2,4363,17002,53828,67635,30.279613,,true,1.0,0.8,false,2020-01-06 13:36:29,2020-01-06 13:36:29
31254230,2,4363,17002,53828,67631,71.214709,,true,1.0,0.8,false,2020-01-06 13:36:25,2020-01-06 13:36:25
31254226,2,4363,17002,53828,67634,30.282267,,true,1.0,0.8,false,2020-01-06 13:36:20,2020-01-06 13:36:20
31254222,2,4363,17002,53828,67621,62.8899,,true,1.0,0.8,false,2020-01-06 13:36:14,2020-01-06 13:36:14
31254221,2,4363,17002,53828,67626,71.19237,,true,1.0,0.8,false,2020-01-06 13:36:13,2020-01-06 13:36:13
31254220,2,4363,17002,53828,67636,35.865528,,true,1.0,0.0,false,2020-01-06 13:36:13,2020-01-06 13:36:13
31254209,2,4363,17002,53828,67631,15.391901,,true,1.0,0.8,false,2020-01-06 13:35:58,2020-01-06 13:35:58
31254207,2,4363,17002,53828,67622,51.266856,,true,1.0,0.8,false,2020-01-06 13:35:54,2020-01-06 13:35:54
31254203,2,4363,17002,53828,67621,60.022463,,true,1.0,0.8,false,2020-01-06 13:35:39,2020-01-06 13:35:39
31254200,2,4363,17002,53828,67636,33.3619,,true,1.0,0.0,false,2020-01-06 13:35:32,2020-01-06 13:35:32
31254197,2,4363,17002,53828,67627,30.246619,,true,1.0,0.8,false,2020-01-06 13:35:11,2020-01-06 13:35:11
31254192,2,4363,17002,53828,67622,48.503417,,true,1.0,0.8,false,2020-01-06 13:34:54,2020-01-06 13:34:54
31254188,2,4363,17002,53828,67622,45.94075,,true,1.0,0.8,false,2020-01-06 13:34:46,2020-01-06 13:34:46
31254186,2,4363,17002,53828,67634,27.232585,,true,1.0,0.8,false,2020-01-06 13:34:17,2020-01-06 13:34:17
31254185,2,4363,17002,53828,67622,45.940726,,true,1.0,0.8,false,2020-01-06 13:34:16,2020-01-06 13:34:16
31254184,2,4363,17002,53828,67636,30.219746,,true,1.0,0.0,false,2020-01-06 13:34:15,2020-01-06 13:34:15
31254181,2,4363,17002,53828,67626,68.663799,,true,1.0,0.8,false,2020-01-06 13:34:14,2020-01-06 13:34:14
31254177,2,4363,17002,53828,67623,68.64138,,true,1.0,0.8,false,2020-01-06 13:34:08,2020-01-06 13:34:08
31254164,2,4363,17002,53828,67626,65.564094,,true,1.0,0.8,false,2020-01-06 13:33:48,2020-01-06 13:33:48
31254159,2,4363,17002,53828,67623,65.747769,,true,1.0,0.8,false,2020-01-06 13:33:42,2020-01-06 13:33:42
31253701,2,4363,17002,53828,67631,45.952381,,true,1.0,0.8,false,2020-01-06 13:25:54,2020-01-06 13:25:54
31253696,2,4363,17002,53828,67621,35.974575,,true,1.0,0.8,false,2020-01-06 13:25:45,2020-01-06 13:25:45
31253695,2,4363,17002,53828,67631,42.961476,,true,1.0,0.8,false,2020-01-06 13:25:44,2020-01-06 13:25:44
31253694,2,4363,17002,53828,67635,11.388186,,true,1.0,0.8,false,2020-01-06 13:25:43,2020-01-06 13:25:43
31253690,2,4363,17002,53828,67617,36.072257169,,true,1.0,0.0,false,2020-01-06 13:25:34,2020-01-06 13:25:34
31253686,2,4363,17002,53828,67631,39.436827,,true,1.0,0.8,false,2020-01-06 13:25:27,2020-01-06 13:25:27
31253681,2,4363,17002,53828,67631,35.977324,,true,1.0,0.8,false,2020-01-06 13:25:06,2020-01-06 13:25:06
31253672,2,4363,17002,53828,67631,33.11961,,true,1.0,0.8,false,2020-01-06 13:24:33,2020-01-06 13:24:33
31253671,2,4363,17002,53828,67621,33.140517,,true,1.0,0.8,false,2020-01-06 13:24:32,2020-01-06 13:24:32
31253670,2,4363,17002,53828,67622,30.229756,,true,1.0,0.8,false,2020-01-06 13:24:31,2020-01-06 13:24:31
31253662,2,4363,17002,53828,67626,45.784893,,true,1.0,0.8,false,2020-01-06 13:24:27,2020-01-06 13:24:27
31253648,2,4363,17002,53828,67626,42.945098,,true,1.0,0.8,false,2020-01-06 13:24:01,2020-01-06 13:24:01
31253645,2,4363,17002,53828,67617,33.167066393,,true,1.0,0.0,false,2020-01-06 13:23:55,2020-01-06 13:23:55
31253640,2,4363,17002,53828,67622,27.181152,,true,1.0,0.8,false,2020-01-06 13:23:36,2020-01-06 13:23:36
31253636,2,4363,17002,53828,67617,30.136716439,,true,1.0,0.0,false,2020-01-06 13:23:24,2020-01-06 13:23:24
31253635,2,4363,17002,53828,67623,39.510948,,true,1.0,0.8,false,2020-01-06 13:23:23,2020-01-06 13:23:23
31253633,2,4363,17002,53828,67623,39.434441,,true,1.0,0.8,false,2020-01-06 13:23:22,2020-01-06 13:23:22
31253628,2,4363,17002,53828,67631,30.184487,,true,1.0,0.8,false,2020-01-06 13:23:14,2020-01-06 13:23:14
31253621,2,4363,17002,53828,67622,24.722357,,true,1.0,0.8,false,2020-01-06 13:23:04,2020-01-06 13:23:04
31253619,2,4363,17002,53828,67626,39.621765,,true,1.0,0.8,false,2020-01-06 13:23:01,2020-01-06 13:23:01
31253610,2,4363,17002,53828,67617,27.217152624,,true,1.0,0.0,false,2020-01-06 13:22:43,2020-01-06 13:22:43
31253609,2,4363,17002,53828,67631,27.091481,,true,1.0,0.8,false,2020-01-06 13:22:41,2020-01-06 13:22:41
31253607,2,4363,17002,53828,67623,35.935075,,true,1.0,0.8,false,2020-01-06 13:22:39,2020-01-06 13:22:39
31253604,2,4363,17002,53828,67626,36.047389,,true,1.0,0.8,false,2020-01-06 13:22:38,2020-01-06 13:22:38
31253602,2,4363,17002,53828,67621,30.31113,,true,1.0,0.8,false,2020-01-06 13:22:38,2020-01-06 13:22:38
31253596,2,4363,17002,53828,67623,35.858664,,true,1.0,0.8,false,2020-01-06 13:22:31,2020-01-06 13:22:31
31253589,2,4363,17002,53828,67622,21.533901,,true,1.0,0.8,false,2020-01-06 13:22:18,2020-01-06 13:22:18
31253588,2,4363,17002,53828,67631,24.745556,,true,1.0,0.8,false,2020-01-06 13:22:18,2020-01-06 13:22:18
31253583,2,4363,17002,53828,67617,24.826472565,,true,1.0,0.8,false,2020-01-06 13:22:12,2020-01-06 13:22:12
31253578,2,4363,17002,53828,67622,18.263952,,true,1.0,0.8,false,2020-01-06 13:22:05,2020-01-06 13:22:05
31253575,2,4363,17002,53828,67631,21.470726,,true,1.0,0.8,false,2020-01-06 13:22:01,2020-01-06 13:22:01
31253570,2,4363,17002,53828,67626,33.214374,,true,1.0,0.8,false,2020-01-06 13:21:50,2020-01-06 13:21:50
31253569,2,4363,17002,53828,67617,21.6396888888889,,true,1.0,0.8,false,2020-01-06 13:21:49,2020-01-06 13:21:49
31253561,2,4363,17002,53828,67631,18.354556,,true,1.0,0.8,false,2020-01-06 13:21:39,2020-01-06 13:21:39
31253559,2,4363,17002,53828,67617,18.236719905,,true,1.0,0.8,false,2020-01-06 13:21:38,2020-01-06 13:21:38
31253555,2,4363,17002,53828,67622,15.391901,,true,1.0,0.8,false,2020-01-06 13:21:32,2020-01-06 13:21:32
31253554,2,4363,17002,53828,67617,15.420993436,,true,1.0,0.8,false,2020-01-06 13:21:29,2020-01-06 13:21:29
31253550,2,4363,17002,53828,67631,15.487474,,true,1.0,0.8,false,2020-01-06 13:21:20,2020-01-06 13:21:20
31253543,2,4363,17002,53828,67622,11.465934,,true,1.0,0.8,false,2020-01-06 13:21:13,2020-01-06 13:21:13
31253542,2,4363,17002,53828,67617,15.421945421,,true,1.0,0.8,false,2020-01-06 13:21:12,2020-01-06 13:21:12
31253540,2,4363,17002,53828,67626,30.35256,,true,1.0,0.8,false,2020-01-06 13:21:10,2020-01-06 13:21:10
31253533,2,4363,17002,53828,67621,27.194691,,true,1.0,0.8,false,2020-01-06 13:21:04,2020-01-06 13:21:04
31253523,2,4363,17002,53828,67622,15.391901,,false,1.0,0.8,false,2020-01-06 13:21:00,2020-01-06 13:21:00
31253511,2,4363,17002,53828,67617,15.42281527,,true,1.0,0.8,false,2020-01-06 13:20:51,2020-01-06 13:20:51
31253505,2,4363,17002,53828,67623,33.21834,,true,1.0,0.8,false,2020-01-06 13:20:49,2020-01-06 13:20:49
31253503,2,4363,17002,53828,67623,33.139951,,true,1.0,0.8,false,2020-01-06 13:20:48,2020-01-06 13:20:48
31253501,2,4363,17002,53828,67631,11.453785,,true,1.0,0.8,false,2020-01-06 13:20:46,2020-01-06 13:20:46
31253480,2,4363,17002,53828,67621,24.649748,,true,1.0,0.8,false,2020-01-06 13:20:26,2020-01-06 13:20:26
31253474,2,4363,17002,53828,67617,15.51676975,,true,1.0,0.8,false,2020-01-06 13:20:22,2020-01-06 13:20:22
31253472,2,4363,17002,53828,67617,15.5379555555556,,true,1.0,0.8,false,2020-01-06 13:20:16,2020-01-06 13:20:16
31253464,2,4363,17002,53828,67617,11.625169315,,true,1.0,0.8,false,2020-01-06 13:19:50,2020-01-06 13:19:50
31253458,2,4363,17002,53828,67626,27.242719,,true,1.0,0.8,false,2020-01-06 13:19:21,2020-01-06 13:19:21
31253448,2,4363,17002,53828,67626,24.728048,,true,1.0,0.8,false,2020-01-06 13:19:06,2020-01-06 13:19:06
31253442,2,4363,17002,53828,67621,21.538456,,true,1.0,0.8,false,2020-01-06 13:18:59,2020-01-06 13:18:59
31253441,2,4363,17002,53828,67623,30.269406,,true,1.0,0.8,false,2020-01-06 13:18:58,2020-01-06 13:18:58
31253438,2,4363,17002,53828,67623,30.195826,,true,1.0,0.8,false,2020-01-06 13:18:58,2020-01-06 13:18:58
31253421,2,4363,17002,53828,67626,21.510293,,true,1.0,0.8,false,2020-01-06 13:18:35,2020-01-06 13:18:35
31253419,2,4363,17002,53828,67626,18.237414,,true,1.0,0.8,false,2020-01-06 13:18:21,2020-01-06 13:18:21
31253417,2,4363,17002,53828,67621,18.426212,,true,1.0,0.8,false,2020-01-06 13:18:10,2020-01-06 13:18:10
31253414,2,4363,17002,53828,67626,15.408072,,true,1.0,0.8,false,2020-01-06 13:18:00,2020-01-06 13:18:00
31253411,2,4363,17002,53828,67621,15.314217,,true,1.0,0.8,false,2020-01-06 13:17:52,2020-01-06 13:17:52
31253407,2,4363,17002,53828,67626,11.402131,,true,1.0,0.8,false,2020-01-06 13:17:23,2020-01-06 13:17:23
31253401,2,4363,17002,53828,67623,27.181152,,true,1.0,0.8,false,2020-01-06 13:17:11,2020-01-06 13:17:11
31253398,2,4363,17002,53828,67623,27.181152,,true,1.0,0.8,false,2020-01-06 13:17:11,2020-01-06 13:17:11
31253389,2,4363,17002,53828,67621,11.63458,,true,1.0,0.8,false,2020-01-06 13:16:01,2020-01-06 13:16:01
31253383,2,4363,17002,53828,67623,24.722357,,true,1.0,0.8,false,2020-01-06 13:15:35,2020-01-06 13:15:35
31253381,2,4363,17002,53828,67623,24.722357,,true,1.0,0.8,false,2020-01-06 13:15:34,2020-01-06 13:15:34
31253375,2,4363,17002,53828,67623,24.498827,,false,1.0,0.8,false,2020-01-06 13:15:21,2020-01-06 13:15:21
31253372,2,4363,17002,53828,67623,27.167737,,true,1.0,0.8,false,2020-01-06 13:15:18,2020-01-06 13:15:18
31253367,2,4363,17002,53828,67623,24.631512,,true,1.0,0.8,false,2020-01-06 13:15:15,2020-01-06 13:15:15
31253360,2,4363,17002,53828,67623,23.896971,,false,1.0,0.8,false,2020-01-06 13:15:07,2020-01-06 13:15:07
31253347,2,4363,17002,53828,67621,11.580748,,true,1.0,0.8,false,2020-01-06 13:14:52,2020-01-06 13:14:52
31253327,2,4363,17002,53828,67623,21.561499,,true,1.0,0.8,false,2020-01-06 13:14:09,2020-01-06 13:14:09
31253326,2,4363,17002,53828,67623,21.48374,,true,1.0,0.8,false,2020-01-06 13:14:08,2020-01-06 13:14:08
31253316,2,4363,17002,53828,67623,18.287486,,true,1.0,0.8,false,2020-01-06 13:13:51,2020-01-06 13:13:51
31253315,2,4363,17002,53828,67623,18.224542,,true,1.0,0.8,false,2020-01-06 13:13:50,2020-01-06 13:13:50
31253307,2,4363,17002,53828,67623,15.524301,,true,1.0,0.8,false,2020-01-06 13:13:29,2020-01-06 13:13:29
31253306,2,4363,17002,53828,67623,15.514468,,true,1.0,0.8,false,2020-01-06 13:13:29,2020-01-06 13:13:29
31253291,2,4363,17002,53828,67623,11.586757,,true,1.0,0.8,false,2020-01-06 13:12:48,2020-01-06 13:12:48
31253290,2,4363,17002,53828,67623,11.512042,,true,1.0,0.8,false,2020-01-06 13:12:48,2020-01-06 13:12:48
31253287,2,4363,17002,53828,67623,10.241901,,false,1.0,0.8,false,2020-01-06 13:12:45,2020-01-06 13:12:45
31253285,2,4363,17002,53828,67623,7.385826,,false,1.0,0.8,false,2020-01-06 13:12:42,2020-01-06 13:12:42
31253128,2,4363,17002,53828,67622,30.166798,,true,1.0,0.8,false,2020-01-06 13:05:42,2020-01-06 13:05:42
31253098,2,4363,17002,53828,67622,27.178089,,true,1.0,0.8,false,2020-01-06 13:04:43,2020-01-06 13:04:43
31253051,2,4363,17002,53828,67622,24.68904,,true,1.0,0.8,false,2020-01-06 13:03:43,2020-01-06 13:03:43
31253019,2,4363,17002,53828,67622,21.454102,,true,1.0,0.8,false,2020-01-06 13:02:56,2020-01-06 13:02:56
31253011,2,4363,17002,53828,67622,18.183856,,true,1.0,0.8,false,2020-01-06 13:02:38,2020-01-06 13:02:38
31252989,2,4363,17002,53828,67622,15.442413,,true,1.0,0.8,false,2020-01-06 13:01:42,2020-01-06 13:01:42
31252970,2,4363,17002,53828,67622,11.455269,,true,1.0,0.8,false,2020-01-06 13:01:11,2020-01-06 13:01:11
31253765,2,4363,17002,53828,67623,43.226141,,true,1.0,0.8,false,2020-01-06 13:27:07,2020-01-06 13:27:07
31253763,2,4363,17002,53828,67623,43.226141,,true,1.0,0.8,false,2020-01-06 13:27:07,2020-01-06 13:27:07
31253760,2,4363,17002,53828,67623,43.226141,,true,1.0,0.8,false,2020-01-06 13:27:06,2020-01-06 13:27:06
31253759,2,4363,17002,53828,67631,56.436316,,true,1.0,0.8,false,2020-01-06 13:27:06,2020-01-06 13:27:06
31253757,2,4363,17002,53828,67623,43.226141,,true,1.0,0.8,false,2020-01-06 13:27:06,2020-01-06 13:27:06
31253753,2,4363,17002,53828,67623,43.204571,,true,1.0,0.8,false,2020-01-06 13:27:05,2020-01-06 13:27:05
31253750,2,4363,17002,53828,67623,43.202921,,true,1.0,0.8,false,2020-01-06 13:27:04,2020-01-06 13:27:04
